Headline,Date
"Stocks Surge Amid Economic Optimism",2023-07-10
"Tech Stocks Lead Market Rally",2023-07-02
"Inflation Concerns Hit Retail Sector",2023-07-12
"Major Bank Reports Strong Earnings",2023-07-04
"Healthcare Stocks React to Policy Changes",2023-07-05
"Energy Sector Shows Resilience",2023-07-12
"Consumer Confidence Hits New High",2023-07-07
"Market Volatility Increases",2023-07-10
"Gold Prices Reach New Peak",2023-07-09
"Interest Rate Hike Anticipated",2023-07-10
"Technology Sector Faces Regulatory Challenges",2023-07-11
"Corporate Earnings Beat Expectations",2023-07-12
"Trade Tensions Affect Market Sentiment",2023-07-13
"Financial Sector Shows Mixed Results",2023-07-14
"Retail Sales Data Released",2023-07-19
"Government Stimulus Plan Announced",2023-07-10
"Healthcare Innovations Highlighted",2023-07-19
"Energy Prices Fluctuate",2023-07-18
"Tech Companies Post Record Profits",2023-07-19
"Market Reacts to Geopolitical Events",2023-07-12
